{
    "author": [
        "mikeshardmind(Sinbad)"
    ],
    "install_msg": "If you need help, I have a channel in https://discord.gg/mb85deu",
    "name": "RoomTools",
    "disabled": false,
    "short": "Tools for temporary rooms",
    "description": "Never run out of voice lobbies again",
    "tags": [
        "autorooms",
        "tempchannels",
        "temporary",
        "roomtools"
    ],
    "hidden": false,
    "min_python_version": [
        3,
        6,
        0
    ]
}