{
    "author": ["mikeshardmind(Sinbad)", "DiscordLiz"],
    "install_msg": "If you need help, I have a channel in https://discord.gg/mb85deu",
    "name": "EmbedMaker",
    "disabled": false,
    "short": "Embeds",
    "description": "Highly featured embed creation. Still needs a lot of UX improvement.",
    "tags": [
        "embed",
        "embedmaker"
    ],
    "hidden": false,
    "min_python_version": [3, 6, 0],
    "requirements": [
        "python-dateutil", "pytz"
    ]
}